Model,Mean_AUC,Std_AUC
Ratios only,0.7652680652680652,0.09042594703475118
Residuals only,0.742913752913753,0.1065499712129655
Ratios + Residuals,0.7414219114219114,0.10172638390222875
