Residual,Healthy_Mean,Cancer_Mean,Healthy_Std,Cancer_Std,KS_statistic,KS_pvalue,MW_pvalue,Levene_pvalue,Cohens_d,Distribution_differs,Location_differs,Variance_differs
HOMA_IR,-1.2263721572466262,0.9964273777628849,1.2128590742551586,4.4851793962727475,0.3485576923076923,0.0012880384390438165,6.643269259999655e-05,0.006686729072617651,0.6765664922399406,True,True,True
LAR,-0.235275646459101,0.1911614627480206,3.4735143653983904,4.3188385347727305,0.109375,0.8363342400267331,0.4999931330801648,0.9160445002539863,0.10881176752825467,False,False,False
Resistin_Adiponectin,-0.6867944406538177,0.5580204830312285,1.9766772716215717,4.0806538785090165,0.3401442307692308,0.0018299969219609032,0.0037906370880999756,0.09073485923125166,0.38825665255761904,True,True,False
MCP1_Adiponectin,-8.362495882722499,6.794527904712041,57.61572517402255,77.95313511218416,0.17307692307692307,0.3119527848391434,0.37292546543476157,0.3080478923836453,0.22113187408008392,False,False,False
Leptin_BMI,-0.06432584984486794,0.052264752998955215,0.5315680385310714,0.5457208176462178,0.21875,0.1073629403757601,0.24707783270729833,0.5819950061549324,0.21643321048111858,False,False,False
Glucose_Insulin,0.9387146400596126,-0.7627056450484381,5.617586982139128,9.581398914790867,0.296875,0.009648720426363052,0.12343220024615276,0.000483904571391669,-0.21663995842027034,True,False,True
