Covariate,N,Quad_Coef,F_Stat,F_p,Shape,Significant
Age,7542,5.609212113858726,1.7525228144259644,0.185600031818005,U-shape,False
BMI,7542,2.3600188555971835,1.3524550456824602,0.2448861893843266,U-shape,False
SystolicBP,6110,18.752937463163924,68.98805975028561,1.1102230246251565e-16,U-shape,True
Glucose,2809,7.699171378400295,10.052456783221357,0.0015378495509312806,U-shape,True
HbA1c,5872,4.372874335506156,7.1724240770445045,0.007423887384382932,U-shape,True
