Ratio,Mean,Std,Skewness,Shapiro_p,Normal,Healthy_Mean,Cancer_Mean,U_pvalue,Significant
HOMA_IR,2.697705321413367,3.645674910336301,3.7626490083683297,4.296621482835493e-17,False,1.5539964387464384,3.626968788580247,0.002898046655843502,True
LAR,3.969969349864197,4.449696770568675,2.974256338135546,6.409818570341093e-14,False,4.04926790899037,3.9055392705741836,0.887426106740894,False
Resistin_Adiponectin,2.33961287566738,3.397870741099035,5.197976375931458,1.2053808986956478e-17,False,1.7369255071770484,2.829296362565776,0.03562149242848236,True
MCP1_Adiponectin,78.88447048094504,72.45296094481829,1.744867184559761,4.5479021032726904e-10,False,73.55655248120122,83.21340385573691,0.720292279279164,False
Leptin_BMI,0.9233636414478563,0.5919576254053484,1.4080048316909224,1.620849434324301e-08,False,0.8962497649533353,0.9453936660996545,0.6914203270448916,False
Glucose_Insulin,15.792749744057263,8.51500908249337,0.45114180557150063,0.010545865660220345,False,16.32593150835291,15.359539560567045,0.3005080673642784,False
