{
  "version": "V3.1",
  "n_udg": 23,
  "delta_mean": 0.20579492170240715,
  "delta_std": 0.3218168792776925,
  "correlation": {
    "r": -0.647035854963031,
    "p": 0.0008471676196403938
  },
  "posterior": {
    "alpha": {
      "mean": 0.01595410377159086,
      "std": 0.031251778711193334,
      "median": 0.012163165650951244,
      "ci_low": -0.04857693544083707,
      "ci_high": 0.09179075341958089
    },
    "lambda_QR": {
      "mean": 0.8287052400791938,
      "std": 0.4104180405578643,
      "median": 0.8567192882949783,
      "ci_low": 0.09993996137579167,
      "ci_high": 1.5100362929235547
    },
    "rho_c": {
      "mean": -25.176293382331924,
      "std": 1.8481853318658887,
      "median": -25.485320446744307,
      "ci_low": -27.965570125919925,
      "ci_high": -20.83960059581799
    },
    "delta": {
      "mean": 1.241888814226682,
      "std": 0.3834159492918344,
      "median": 1.2413563163977226,
      "ci_low": 0.466283331922187,
      "ci_high": 1.984522163413131
    },
    "tau": {
      "mean": 0.14963826692585233,
      "std": 0.047797169746879746,
      "median": 0.14760464814929056,
      "ci_low": 0.06553729912798677,
      "ci_high": 0.2448240270591092
    },
    "gamma": {
      "mean": -0.16061657367876317,
      "std": 0.06944179941609516,
      "median": -0.15963615980604975,
      "ci_low": -0.2985934528905148,
      "ci_high": -0.033183223023302275
    },
    "env_cluster": {
      "mean": 0.1617499711977369,
      "std": 0.05101264993686421,
      "median": 0.15608815753505761,
      "ci_low": 0.05031251903587418,
      "ci_high": 0.2690279740236497
    },
    "env_group": {
      "mean": 0.10401476049941724,
      "std": 0.09688141528014303,
      "median": 0.07879571989861432,
      "ci_low": -0.05091149414497175,
      "ci_high": 0.2975263038902407
    },
    "env_field": {
      "mean": 0.23412065613977245,
      "std": 0.20367945384951366,
      "median": 0.2308749714899061,
      "ci_low": -0.08065389479669127,
      "ci_high": 0.688673911864715
    },
    "sigma_env": {
      "mean": 0.20833436601698932,
      "std": 0.08477205065955612,
      "median": 0.20281333226696271,
      "ci_low": 0.06873813664717092,
      "ci_high": 0.35858296157317415
    }
  },
  "mcmc": {
    "accept_rate": 0.248
  },
  "ppc": {
    "coverage_95": 0.9565217391304348
  },
  "sensitivity": {
    "baseline": {
      "lambda_QR": 0.4279084825932489,
      "alpha": 0.037563671240489954,
      "gamma": -0.07374446393015865
    },
    "wider_alpha": {
      "lambda_QR": 1.2633455640421196,
      "alpha": 0.00816146576144005,
      "gamma": -0.13730448235485046
    },
    "wider_lambda": {
      "lambda_QR": 0.61627905022219,
      "alpha": 0.01367518221514143,
      "gamma": -0.16368187439637086
    }
  },
  "model_comparison": {
    "null_aic": 16.549342551239505,
    "toe_aic": 30.831213677227176,
    "delta_aic": -14.28187112598767
  },
  "verdict": "QO+R TOE SUPPORTED IN UDGs (V3.1)"
}