{
  "SPARC": {
    "n_galaxies": 181,
    "raw_ushape": {
      "a": 0.08343838756297212,
      "a_err": 0.02214249058343956,
      "b": -0.004302123733154423,
      "c": -0.04814687462923912,
      "t_stat": 3.7682476254670263,
      "p_value": 0.0637623973274355,
      "bin_centers": [
        -1.0498390730613205,
        -0.01269859629712869,
        0.49075721466834493,
        1.097445501555459,
        1.4734816065489464
      ],
      "bin_means": [
        0.05556326127571651,
        -0.07748442945712207,
        -0.014503446790554859,
        0.07439613253540629,
        0.10641430635874746
      ],
      "bin_errors": [
        0.019510099948400556,
        0.015804854982731976,
        0.023538433974690832,
        0.02425976276919115,
        0.011008048380324549
      ],
      "n_bins": 5
    },
    "beta_Q": -0.053415175484204984,
    "se_Q": 0.006450976919080165,
    "p_Q": 1.2300117595390487e-16,
    "beta_R": -0.02647382958151878,
    "se_R": 0.009066610233104013,
    "p_R": 0.0035011468102749675,
    "lambda_QR": 0.005691582186151645,
    "se_lambda": 0.005540438895309854,
    "p_lambda": 0.30428862714055827,
    "corrected_ushape": {
      "a": -0.07229605404533872,
      "a_err": 0.057762237279795556,
      "b": 0.0322007080169045,
      "c": 0.01921888602109446,
      "t_stat": 1.251614505427526,
      "p_value": 0.3372540126872703,
      "bin_centers": [
        -1.0498390730613205,
        -0.01269859629712869,
        0.49075721466834493,
        1.097445501555459,
        1.4734816065489464
      ],
      "bin_means": [
        -0.07961819240728406,
        -0.027638461404444998,
        0.012971138237924036,
        0.06482675858853487,
        -0.1512163137200152
      ],
      "bin_errors": [
        0.08014557138265138,
        0.017410847968479127,
        0.02790274402240569,
        0.030607770187516772,
        0.029419643568881677
      ],
      "n_bins": 5
    },
    "Q_R_correlation": -0.7409949992208005,
    "mean_gas_fraction": 0.5252235267204377,
    "mean_log_Mstar": 9.055979757062437
  },
  "SPARC_killer": {
    "gas_rich_threshold": 0.5,
    "gas_poor_threshold": 0.3,
    "strict_fgas_threshold": 0.05,
    "strict_mass_threshold": 10.5,
    "Q_dominated": {
      "n": 111,
      "a": NaN
    },
    "Intermediate": {
      "n": 34,
      "a": NaN
    },
    "R_dominated": {
      "n": 36,
      "a": NaN
    },
    "EXTREME_R_dominated": {
      "n": 0,
      "a": NaN
    },
    "inversion_confirmed": false,
    "inversion_type": null,
    "theoretical_a_Rdom": -1.3346028037383177
  },
  "ALFALFA": {
    "n_galaxies": 19222,
    "raw_ushape": {
      "a": 0.0020175903857208035,
      "a_err": 0.0008202988390570499,
      "b": -0.005340416627415453,
      "c": 0.015510902201543476,
      "t_stat": 2.459579716143527,
      "p_value": 0.03618358665648258,
      "bin_centers": [
        -2.90383124590355,
        -1.1359163133377315,
        -0.7037443287081063,
        -0.4120090855652646,
        -0.17076980507512593,
        0.04271551650794614,
        0.2403934633268739,
        0.4329627383891228,
        0.6254730304975525,
        0.8305877236186867,
        1.0628555634205612,
        1.5349058048706312
      ],
      "bin_means": [
        0.04842101847564503,
        0.025952465051172637,
        0.015917795972995467,
        0.021059120890027632,
        0.015983229193360107,
        0.006616146451903072,
        0.015847717977025277,
        0.01371166196163514,
        0.022468583159721292,
        0.012952610528028818,
        0.012387531846624568,
        0.008513083946480928
      ],
      "bin_errors": [
        0.004165155619691009,
        0.004079142928582172,
        0.004272041584187425,
        0.004121853720517377,
        0.004186478667764178,
        0.004124251750700415,
        0.004173129689291169,
        0.00428544242970538,
        0.004049613508267037,
        0.004094625755778615,
        0.004176444778129412,
        0.004220249603797182
      ],
      "n_bins": 12
    },
    "beta_Q": -0.004377152470466468,
    "se_Q": 0.0008264037315997805,
    "p_Q": 1.1796118681352047e-07,
    "beta_R": -0.00250228142388611,
    "se_R": 0.0005870240067236107,
    "p_R": 2.0201134751339636e-05,
    "lambda_QR": -0.0012933872356544673,
    "se_lambda": 0.00042368217428147823,
    "p_lambda": 0.0022676996081727315,
    "corrected_ushape": {
      "a": 0.05043250976141357,
      "a_err": 0.007268357298576441,
      "b": -0.06586406779258513,
      "c": 0.051128443621413694,
      "t_stat": 6.938639322435502,
      "p_value": 6.769448953791724e-05,
      "bin_centers": [
        -2.90383124590355,
        -1.1359163133377315,
        -0.7037443287081063,
        -0.4120090855652646,
        -0.17076980507512593,
        0.04271551650794614,
        0.2403934633268739,
        0.4329627383891228,
        0.6254730304975525,
        0.8305877236186867,
        1.0628555634205612,
        1.5349058048706312
      ],
      "bin_means": [
        0.6947548473165986,
        0.117193782049528,
        0.08280344786527688,
        0.08183159757401541,
        0.0749344244895375,
        0.0670946518159221,
        0.07001598803440194,
        0.06253859826680953,
        0.07395038576904146,
        0.04936671862348245,
        0.03962322046349582,
        0.004189848805328925
      ],
      "bin_errors": [
        0.0382104466439987,
        0.007678624502970429,
        0.005342786823538286,
        0.005134535042914334,
        0.005188618636042951,
        0.005055353913097458,
        0.00489852473062914,
        0.004775374251865116,
        0.004765644376701787,
        0.005010805751170747,
        0.005746924258302865,
        0.008516316829175165
      ],
      "n_bins": 12
    },
    "Q_R_correlation": -0.8084821101237393,
    "mean_gas_fraction": 0.45632807573192385,
    "mean_log_Mstar": 9.400240944155684
  },
  "ALFALFA_killer": {
    "gas_rich_threshold": 0.5,
    "gas_poor_threshold": 0.3,
    "strict_fgas_threshold": 0.05,
    "strict_mass_threshold": 10.5,
    "Q_dominated": {
      "n": 9384,
      "a": 0.0031279007598535866,
      "a_err": 0.0013913778996913868,
      "p_value": 0.05116518627332978,
      "mean_gas_fraction": 0.6176856563838391
    },
    "Intermediate": {
      "n": 5200,
      "a": 0.0001751785550488192,
      "a_err": 0.0015004767563064482,
      "p_value": 0.9096230141185777,
      "mean_gas_fraction": 0.4051055724035653
    },
    "R_dominated": {
      "n": 4638,
      "a": 0.002042136586925876,
      "a_err": 0.0006886017781592514,
      "p_value": 0.015814303890596237,
      "mean_gas_fraction": 0.18728484168058537
    },
    "EXTREME_R_dominated": {
      "n": 120,
      "a": -0.0009520447793553467,
      "a_err": 0.010934909342253678,
      "p_value": 0.9339993326849514,
      "mean_gas_fraction": 0.034670310264373075,
      "mean_log_Mstar": 10.93165562026553
    },
    "inversion_confirmed": true,
    "inversion_type": "EXTREME",
    "theoretical_a_Rdom": -1.3346028037383177
  }
}