{
  "test": "GC-001",
  "scale": "10^18 m",
  "purpose": "Bridge WB (10^13-16) to UDG (10^20)",
  "n_gc": 84,
  "delta_mean": -0.34812358158881773,
  "delta_std": 0.06293198266316553,
  "ttest_p": 3.174322549728466e-64,
  "correlation": {
    "r": 0.2314827450461477,
    "p": 0.03411985899435402
  },
  "posterior": {
    "alpha": {
      "mean": 0.11798954357926969,
      "std": 0.0364573692172823,
      "ci_low": 0.05886325015716716,
      "ci_high": 0.1968648483220834
    },
    "lambda_QR": {
      "mean": 1.7953192770004935,
      "std": 0.36117072965928537,
      "ci_low": 1.1272354495007217,
      "ci_high": 2.54167591481671
    },
    "rho_c": {
      "mean": -21.994808155911908,
      "std": 1.4047100481330035,
      "ci_low": -24.687679763206045,
      "ci_high": -19.227441819289172
    },
    "delta": {
      "mean": 0.9683085136136375,
      "std": 0.4784980760730928,
      "ci_low": 0.14756332699011926,
      "ci_high": 1.9760969567205289
    },
    "tau": {
      "mean": 0.1620063670992189,
      "std": 0.017292507892156424,
      "ci_low": 0.1280067296658386,
      "ci_high": 0.19502779752175214
    },
    "gamma": {
      "mean": -0.2583585584061939,
      "std": 0.020541482346389073,
      "ci_low": -0.2984748654097254,
      "ci_high": -0.2196324786829218
    }
  },
  "model_comparison": {
    "null_aic": 9930.343993287684,
    "toe_aic": -8.713839823821733,
    "delta_aic": 9939.057833111507
  },
  "verdict": "SIGNAL DETECTED - Unexpected for GCs",
  "interpretation": "Requires further investigation"
}